

CREATE TABLE dept (
  deptno decimal(2,0),
  dname varchar(14) default NULL,
  loc varchar(13) default NULL,
  primary key(deptno)
);


INSERT INTO dept VALUES ('10','ACCOUNTING','NEW YORK');
INSERT INTO dept VALUES ('20','RESEARCH','DALLAS');
INSERT INTO dept VALUES ('30','SALES','CHICAGO');
INSERT INTO dept VALUES ('40','OPERATIONS','BOSTON');

CREATE TABLE emp (
  empno decimal(4,0) NOT NULL,
  ename varchar(10) default NULL,
  job varchar(9) default NULL,
  mgr decimal(4,0) default NULL,
  hiredate date default NULL,
  sal decimal(7,2) default NULL,
  comm decimal(7,2) default NULL,
  deptno decimal(2,0) default NULL,
  primary key (empno),
  constraint fk_deptno foreign key (deptno)
  references dept(deptno)
);


INSERT INTO emp VALUES ('7369','SMITH','CLERK','7902','1980-12-17','800.00',NULL,'20');
INSERT INTO emp VALUES ('7499','ALLEN','SALESMAN','7698','1981-02-20','1600.00','300.00','30');
INSERT INTO emp VALUES ('7521','WARD','SALESMAN','7698','1981-02-22','1250.00','500.00','30');
INSERT INTO emp VALUES ('7566','JONES','MANAGER','7839','1981-04-02','2975.00',NULL,'20');
INSERT INTO emp VALUES ('7654','MARTIN','SALESMAN','7698','1981-09-28','1250.00','1400.00','30');
INSERT INTO emp VALUES ('7698','BLAKE','MANAGER','7839','1981-05-01','2850.00',NULL,'30');
INSERT INTO emp VALUES ('7782','CLARK','MANAGER','7839','1981-06-09','2450.00',NULL,'10');
INSERT INTO emp VALUES ('7788','SCOTT','ANALYST','7566','1982-12-09','3000.00',NULL,'20');
INSERT INTO emp VALUES ('7839','KING','PRESIDENT',NULL,'1981-11-17','5000.00',NULL,'10');
INSERT INTO emp VALUES ('7844','TURNER','SALESMAN','7698','1981-09-08','1500.00','0.00','30');
INSERT INTO emp VALUES ('7876','ADAMS','CLERK','7788','1983-01-12','1100.00',NULL,'20');
INSERT INTO emp VALUES ('7900','JAMES','CLERK','7698','1981-12-03','950.00',NULL,'30');
INSERT INTO emp VALUES ('7902','FORD','ANALYST','7566','1981-12-03','3000.00',NULL,'20');
INSERT INTO emp VALUES ('7934','MILLER','CLERK','7782','1982-01-23','1300.00',NULL,'10');



CREATE TABLE Projects (
 ProjectId INT PRIMARY KEY AUTO_INCREMENT,
      Title VARCHAR(200) NOT NULL,
     ClientId INT,
 EmployeeId INT,
     StartDate DATETIME,
     EndDate DATETIME
);

INSERT INTO Projects ( Title, ClientId, EmployeeId, StartDate, EndDate) VALUES 
('Develop ecommerse website from scratch', 1, 7782, NOW(), DATE_ADD(NOW(), INTERVAL 30 DAY)),
('WordPress website for our company', 1, 7934, NOW(), DATE_ADD(NOW(), INTERVAL 45 DAY)),
('Manage our company servers', 2, 1007, NOW(), DATE_ADD(NOW(), INTERVAL 45 DAY)),
('Hosting account is not working', 3, 1009, NOW(), DATE_ADD(NOW(), INTERVAL 7 DAY)),
('MySQL database from my desktop application', 4, 1010, NOW(), DATE_ADD(NOW(), INTERVAL 15 DAY)),
('Develop new WordPress plugin for my business website', 2, NULL, NOW(), DATE_ADD(NOW(), INTERVAL 10 DAY)),
('Migrate web application and database to new server', 2, NULL, NOW(), DATE_ADD(NOW(), INTERVAL 5 DAY)),
('Android Application development', 4, 1004, NOW(), DATE_ADD(NOW(), INTERVAL 30 DAY));



ALTER TABLE emp ADD FOREIGN KEY (deptno) REFERENCES dept(deptno);

ALTER TABLE emp ADD CONSTRAINT FK_Deptno FOREIGN KEY (deptno) REFERENCES dept(deptno);

ALTER TABLE emp DROP FOREIGN KEY FK_Deptno;
