ID,AGE ,WORKCLASS,EDUCATION ,MARITAL_STATUS,OCCUPATION ,RELATIONSHIP,RACE,SEX,HOURS_PER_WEEK ,NATIVE_COUNTRY,INCOME.GROUP
1,39,State-gov,Bachelors,Never-married,Adm-derical,Not-in-family,white,Male,40,United-states,<=50k
2,50,Self-emp-not-inc,Bachelors,Married-dv-spouse,Exec-managerial,Husband,white,Male,13,United-states,<=50k
3,38,Private,Hs-grad,Divorced,Handlers-cleaner,Not-in-family,white,Male,40,United-states,<=50k
4,53,Private,11th,Married-dv-spouse,Handlers-cleaner,Husband,Black,Male,40,United-states,<=50k
5,28,Private,Bachelors,Married-dv-spouse,Prof-spedalyy,wife,Black,Female,40,cuba,<=50k
