Item_Identifier,Item_Weight,Item_Fat_content,Item_Visibility,Item_Type,Item_MRP,Outlet_identifier,Outlert_Size,Outlet_Type,Item_Outlet_Sales
FDA15,9.30,Low Fat,0.016047,Dairy,249.8092,OUT049,Medium,Supermarket type1,3735.1380
DRC01,5.92,Regular,0.019278,Soft Drinks,48.2692,OUT018,Medium,Supermarket type2,443.4228
FDN15,17.50,Low Fat,0.016760,Meat,141.6180,OUT049,Medium,Supermarket type1,2097.2700
FDX07,19.20,Regular,0.000000,Fruits and vegetables,182.0950,OUT010,,Groery Store,732.3800
NCD19,8.93,Low Fat,0.000000,Household,53.8614,OUT013,High,Supermarket type1,994.7052
,,,,,,,,,
,,,,,,,,,
